id_ordre,statut_execution,montant_execute,heure_execution
ORD1000,Executé,7674.48,2026-06-14 19:20
ORD1001,Executé,14131.92,2026-06-04 16:23
ORD1002,Executé,4871.34,2026-07-25 13:24
ORD1003,Executé,24692.86,2026-07-15 17:52
ORD1004,Executé,7917.75,2026-07-17 17:18
ORD1005,Executé,8459.39,2026-06-13 14:35
ORD1006,Executé,5283.6,2026-06-10 18:21
ORD1007,Executé,12060.76,2026-08-11 12:01
ORD1008,Executé,15028.68,2026-06-28 18:38
ORD1009,Executé,30278.64,2026-06-19 12:32
ORD1010,Executé,9088.64,2026-06-18 17:15
ORD1011,Executé,10417.8,2026-06-09 15:08
ORD1012,Executé,6928.46,2026-07-05 18:38
ORD1013,Executé,8212.16,2026-06-23 17:09
ORD1014,Executé,12309.3,2026-08-07 08:58
ORD1015,Executé,7156.52,2026-06-08 12:31
ORD1016,Executé,6816.86,2026-06-17 19:15
ORD1017,Executé,11710.74,2026-07-10 14:47
ORD1018,Executé,30835.08,2026-06-03 17:50
ORD1019,Executé,29758.33,2026-06-05 13:41
ORD1020,Executé,10180.45,2026-07-31 12:13
ORD1021,Executé,24283.74,2026-07-23 16:02
ORD1022,Executé,9428.56,2026-06-25 11:39
ORD1023,Executé,24980.25,2026-08-10 09:34
ORD1024,Executé,13711.72,2026-07-22 08:40
ORD1025,Executé,11366.74,2026-07-25 17:20
ORD1026,Executé,15208.32,2026-08-09 09:21
ORD1027,Executé,6659.8,2026-06-08 16:31
ORD1028,Executé,23467.92,2026-08-12 12:20
ORD1029,Executé,11409.44,2026-07-11 11:21
ORD1030,Executé,7835.97,2026-07-29 17:59
ORD1031,Executé,6944.5,2026-07-02 14:00
ORD1032,Executé,16196.37,2026-06-02 19:28
ORD1033,Executé,29163.76,2026-07-05 12:42
ORD1034,Executé,30932.16,2026-07-25 12:13
ORD1035,Executé,14203.33,2026-07-27 16:55
ORD1036,Executé,5504.32,2026-06-05 13:40
ORD1037,Executé,9512.43,2026-06-27 18:31
ORD1038,Executé,6216.0,2026-06-23 14:17
ORD1039,Executé,30293.84,2026-06-21 09:47
ORD1040,Executé,24254.32,2026-06-30 11:19
ORD1041,Executé,13444.11,2026-08-05 15:00
ORD1042,Executé,15104.79,2026-06-14 17:40
ORD1043,Executé,31224.6,2026-06-06 14:22
ORD1044,Executé,8332.74,2026-07-11 19:20
ORD1045,Executé,32207.32,2026-07-08 16:20
ORD1046,Executé,28917.9,2026-08-12 13:04
ORD1047,Executé,11107.2,2026-07-12 15:39
ORD1048,Executé,12036.0,2026-06-11 12:45
ORD1049,Executé,10070.25,2026-06-04 08:28
ORD1050,Executé,32241.68,2026-07-20 15:32
ORD1051,Executé,10906.83,2026-06-29 11:21
ORD1052,Executé,15142.35,2026-07-30 19:02
ORD1053,Executé,26241.6,2026-07-31 15:45
ORD1054,Executé,11204.8,2026-07-07 11:42
ORD1055,Executé,10158.72,2026-06-20 11:31
ORD1056,Executé,13562.64,2026-08-14 09:21
ORD1057,Executé,29129.66,2026-08-09 18:22
ORD1058,Executé,9167.16,2026-07-22 11:30
ORD1059,Executé,10099.15,2026-06-04 10:06
ORD1060,Executé,14768.75,2026-06-28 15:51
ORD1061,Executé,23803.56,2026-08-09 08:38
ORD1062,Executé,34547.14,2026-06-03 17:39
ORD1063,Executé,7007.4,2026-07-03 13:30
ORD1064,Executé,31610.08,2026-07-19 15:05
ORD1065,Executé,24607.08,2026-06-16 18:23
ORD1066,Executé,12981.15,2026-07-14 09:24
ORD1067,Executé,15305.76,2026-06-20 14:29
ORD1068,Executé,9993.2,2026-07-02 09:42
ORD1069,Executé,14575.21,2026-06-04 16:16
ORD1070,Executé,29946.8,2026-07-06 16:16
ORD1071,Executé,8784.27,2026-07-31 19:11
ORD1072,Executé,15610.79,2026-07-02 13:18
ORD1073,Executé,12287.18,2026-07-16 15:25
ORD1074,Executé,33197.42,2026-08-08 10:31
ORD1075,Executé,26506.06,2026-07-17 11:04
ORD1076,Executé,24299.0,2026-08-02 09:59
ORD1077,Executé,9095.1,2026-08-01 09:56
ORD1078,Executé,8979.2,2026-06-20 17:59
ORD1079,Executé,9835.5,2026-08-06 14:32
ORD1080,Executé,26250.3,2026-06-13 12:16
ORD1081,Executé,8760.32,2026-06-21 08:45
ORD1082,Executé,24783.86,2026-07-29 09:58
ORD1083,Executé,5370.1,2026-06-20 13:29
ORD1084,Executé,11660.22,2026-07-27 09:32
ORD1085,Executé,27741.18,2026-07-12 17:34
ORD1086,Executé,10773.6,2026-06-06 10:36
ORD1087,Executé,12563.24,2026-07-15 14:53
ORD1088,Executé,8100.75,2026-07-22 16:28
ORD1089,Executé,9042.0,2026-06-01 19:27
ORD1090,Executé,15124.8,2026-07-27 08:21
ORD1091,Executé,30236.8,2026-07-01 10:49
ORD1092,Executé,12575.1,2026-06-20 16:35
ORD1093,Executé,6830.08,2026-07-20 12:31
ORD1094,Executé,14227.64,2026-06-01 13:09
ORD1095,Executé,8573.12,2026-08-10 16:49
ORD1096,Executé,11351.08,2026-07-23 08:29
ORD1097,Executé,9417.49,2026-08-15 14:22
ORD1098,Executé,11658.78,2026-06-20 09:52
ORD1099,Executé,10073.7,2026-08-08 14:39
ORD1100,Executé,7018.64,2026-06-12 14:27
ORD1101,Executé,13209.82,2026-07-08 13:35
ORD1102,Executé,12122.88,2026-06-23 09:56
ORD1103,Executé,9348.77,2026-07-03 18:23
ORD1104,Executé,16810.95,2026-07-09 18:58
ORD1105,Executé,15513.96,2026-07-01 15:19
ORD1106,Executé,29055.73,2026-07-06 09:15
ORD1107,Executé,14726.4,2026-06-29 18:15
ORD1108,Executé,14313.99,2026-07-27 08:49
ORD1109,Executé,15181.47,2026-06-17 17:27
ORD1110,Executé,9256.5,2026-07-14 10:13
ORD1111,Executé,11666.82,2026-08-11 13:49
ORD1112,Executé,10549.53,2026-08-14 15:28
ORD1113,Executé,8193.06,2026-06-29 18:07
ORD1114,Executé,31296.73,2026-08-03 09:51
ORD1115,Executé,5794.44,2026-07-24 18:14
ORD1116,Executé,11413.2,2026-06-05 13:37
ORD1117,Executé,14924.56,2026-07-16 09:07
ORD1118,Executé,14742.0,2026-06-03 09:26
ORD1119,Executé,33994.03,2026-08-15 11:53
ORD1120,Executé,11292.82,2026-06-19 10:50
ORD1121,Executé,11846.34,2026-07-12 08:16
ORD1122,Executé,9045.14,2026-07-28 14:15
ORD1123,Executé,27884.4,2026-07-09 16:13
ORD1124,Executé,7354.72,2026-07-27 10:37
ORD1125,Executé,13053.48,2026-08-14 17:13
ORD1126,Executé,27410.63,2026-06-15 19:11
ORD1127,Executé,14548.38,2026-07-24 10:04
ORD1128,Executé,9473.93,2026-06-09 10:02
ORD1129,Executé,13883.66,2026-06-08 18:03
ORD1130,Executé,14890.59,2026-06-07 12:53
ORD1131,Executé,8400.78,2026-07-15 16:59
ORD1132,Executé,15483.24,2026-08-11 09:00
ORD1133,Executé,6130.64,2026-06-01 10:57
ORD1134,Executé,11386.78,2026-08-07 11:45
ORD1135,Executé,5687.33,2026-06-11 08:37
ORD1136,Executé,26759.04,2026-07-27 15:01
ORD1137,Executé,11518.2,2026-08-02 16:56
ORD1138,Executé,13997.36,2026-06-28 11:16
ORD1139,Executé,32133.75,2026-06-17 15:02
ORD1140,Executé,13752.51,2026-07-29 10:14
ORD1141,Executé,5671.6,2026-07-22 08:27
ORD1142,Executé,8093.7,2026-07-26 17:47
ORD1143,Executé,9434.88,2026-06-10 17:22
ORD1144,Executé,15465.24,2026-07-01 09:14
ORD1145,Executé,9341.19,2026-08-03 16:19
ORD1146,Executé,25554.48,2026-07-09 12:40
ORD1147,Executé,10063.2,2026-07-18 12:41
ORD1148,Executé,10762.58,2026-06-25 14:00
ORD1149,Executé,5875.74,2026-06-11 17:21
ORD1150,Executé,14562.03,2026-07-17 14:39
ORD1151,Executé,9864.8,2026-07-13 10:00
ORD1152,Executé,6040.48,2026-07-13 09:43
ORD1153,Executé,13912.8,2026-08-11 15:14
ORD1154,Executé,5182.92,2026-06-03 13:28
ORD1155,Executé,9567.62,2026-06-10 13:03
ORD1156,Executé,5611.52,2026-07-19 10:54
ORD1157,Executé,16621.92,2026-07-01 16:10
ORD1158,Executé,9118.8,2026-07-18 19:10
ORD1159,Executé,5520.56,2026-06-21 11:58
ORD1160,Executé,8693.74,2026-08-06 09:46
ORD1161,Executé,13033.76,2026-06-29 16:12
ORD1162,Executé,22277.2,2026-06-11 13:17
ORD1163,Executé,7960.59,2026-07-31 11:05
ORD1164,Executé,11334.12,2026-06-20 16:50
ORD1165,Executé,9711.45,2026-07-24 19:31
ORD1166,Executé,5475.6,2026-08-13 12:22
ORD1167,Executé,9940.04,2026-06-24 18:45
ORD1168,Executé,23264.88,2026-07-20 13:59
ORD1169,Executé,12184.24,2026-06-14 18:29
ORD1170,Executé,5338.2,2026-07-30 15:43
ORD1171,Executé,11414.68,2026-06-06 14:41
ORD1172,Executé,24582.73,2026-07-07 14:21
ORD1173,Executé,6807.24,2026-07-27 14:55
ORD1174,Executé,10356.48,2026-06-11 14:26
ORD1175,Executé,12054.42,2026-07-08 12:51
ORD1176,Executé,26087.6,2026-07-26 13:24
ORD1177,Executé,10637.9,2026-06-04 11:18
ORD1178,Executé,6432.18,2026-07-20 17:39
ORD1179,Executé,14251.72,2026-08-07 13:57
ORD1180,Executé,16794.47,2026-07-20 16:26
ORD1181,Executé,6316.8,2026-08-02 11:13
ORD1182,Executé,9372.44,2026-07-11 19:07
ORD1183,Executé,32701.53,2026-06-23 13:34
ORD1184,Executé,8841.66,2026-08-10 17:54
ORD1185,Executé,8529.6,2026-07-23 15:26
ORD1186,Executé,4945.95,2026-06-17 16:50
ORD1187,Executé,24365.0,2026-06-22 10:33
ORD1188,Executé,16485.71,2026-08-10 12:18
ORD1189,Executé,22950.13,2026-07-14 17:39
ORD1190,Executé,15736.38,2026-06-04 16:22
ORD1191,Executé,25581.78,2026-07-29 10:06
ORD1192,Executé,12349.05,2026-06-19 14:31
ORD1193,Executé,7252.9,2026-07-11 11:48
ORD1194,Executé,6431.77,2026-07-24 12:27
ORD1195,Executé,13414.53,2026-07-30 16:26
ORD1196,Executé,29921.85,2026-06-28 18:04
ORD1197,Executé,23506.39,2026-07-31 12:58
ORD1198,Executé,24772.29,2026-07-17 08:54
ORD1199,Executé,9668.1,2026-07-06 18:05
ORD1200,Executé,13366.4,2026-07-17 10:43
ORD1201,Executé,5569.77,2026-07-29 11:18
ORD1202,Executé,8925.84,2026-07-09 17:29
ORD1203,Executé,21296.01,2026-08-14 13:21
ORD1204,Executé,12671.36,2026-08-07 19:31
ORD1205,Executé,11481.69,2026-06-25 09:01
ORD1206,Executé,5768.97,2026-07-31 09:10
ORD1207,Executé,12941.18,2026-06-23 16:14
ORD1208,Executé,15162.51,2026-08-11 12:35
ORD1209,Executé,16702.92,2026-07-15 17:22
ORD1210,Executé,8576.96,2026-07-08 08:31
ORD1211,Executé,11494.52,2026-07-05 17:18
ORD1212,Executé,13206.5,2026-06-30 08:15
ORD1213,Executé,11346.26,2026-08-10 10:47
ORD1214,Executé,33256.54,2026-06-08 09:44
ORD1215,Executé,14589.0,2026-08-03 11:21
ORD1216,Executé,8396.15,2026-07-29 18:42
ORD1217,Executé,12862.98,2026-06-21 16:25
ORD1218,Executé,11825.46,2026-06-23 18:01
ORD1219,Executé,28675.4,2026-06-18 15:38
ORD9001,Executé,2480000.0,2026-06-21 14:15
ORD9002,Executé,14250.0,2026-07-04 02:18
ORD9003,Executé,630000.0,2026-07-16 10:02
ORD9004,Executé,18000.0,2026-07-21 20:00
ORD9005,Executé,1125000.0,2026-07-31 15:34
ORD9006,Executé,6000.0,2026-08-05 09:47
